Id,Position,First Name,Nickname,Last Name,FPPG,Played,Salary,Game,Team,Opponent,Injury Indicator,Injury Details,Tier,Max Exposure,Roster Order
41852-13767,D,Aaron,Aaron Ness,Ness,4.84467,16,3500,MIN@ARI,ARI,MIN,,,,0,3
41852-97024,D,Adam,Adam Boqvist,Boqvist,7.17267,11,3500,CHI@WPG,CHI,WPG,,,,,3
41852-82849,C,Adam,Adam Gaudette,Gaudette,7.27447,25,3500,VGK@VAN,VAN,VGK,,,,,3
41852-15346,C,Adam,Adam Lowry,Lowry,7.96707,32,3400,CHI@WPG,WPG,CHI,,,,,3
41852-53866,D,Adam,Adam Pelech,Pelech,5.24413,32,3500,NYI@BOS,NYI,BOS,,,,,2
41852-62429,W,Adrian,Adrian Kempe,Kempe,8.4802,35,3800,LA@CBJ,LA,CBJ,,,,0,4
41852-73885,W,Alex,Alex DeBrincat,DeBrincat,12.4926,35,5900,CHI@WPG,CHI,WPG,,,,,3
41852-8611,D,Alex,Alex Goligoski,Goligoski,7.41947,36,4500,MIN@ARI,ARI,MIN,,,,,2
41852-79935,W,Alex,Alex Iafallo,Iafallo,9.673,36,4200,LA@CBJ,LA,CBJ,,,,,1
41852-21523,W,Alex,Alex Killorn,Killorn,10.1839,30,4900,DAL@TB,TB,DAL,,,,,2
41852-70906,W,Alex,Alex Nylander,Nylander,7.00873,34,3400,CHI@WPG,CHI,WPG,,,,,2
41852-70168,W,Alex,Alex Tuch,Tuch,11.2607,20,4200,VGK@VAN,VGK,VAN,,,,,3
41852-21546,W,Alexander,Alexander Radulov,Radulov,10.2549,34,6500,DAL@TB,DAL,TB,,,,,1
41852-54743,C,Alexander,Alexander Wennberg,Wennberg,6.96067,33,3300,LA@CBJ,CBJ,LA,,,,,3
41852-84407,W,Alexandre,Alexandre Texier,Texier,5.1564,30,3900,LA@CBJ,CBJ,LA,,,,,2
41852-80481,W,Anders,Anders Bjork,Bjork,4.28087,27,3400,NYI@BOS,BOS,NYI,,,,,3
41852-39238,W,Anders,Anders Lee,Lee,9.2058,32,6500,NYI@BOS,NYI,BOS,,,,,3
41852-42833,W,Andre,Andre Burakovsky,Burakovsky,10.2239,31,4400,CAR@COL,COL,CAR,,,,,1
41852-68664,D,Andreas,Andreas Englund,Englund,6.756,2,3500,NSH@OTT,OTT,NSH,,,,0,3
41852-85470,W,Andrei,Andrei Svechnikov,Svechnikov,10.6393,34,6300,CAR@COL,CAR,COL,,,,,1
41852-54565,G,Andrei,Andrei Vasilevskiy,Vasilevskiy,20.5275,24,8800,DAL@TB,TB,DAL,,,,,
41852-9011,D,Andrej,Andrej Sekera,Sekera,4.19067,31,3500,DAL@TB,DAL,TB,,,,0,3
41852-8357,W,Andrew,Andrew Cogliano,Cogliano,4.92933,34,3200,DAL@TB,DAL,TB,,,,,3
41852-66756,W,Andrew,Andrew Mangiapane,Mangiapane,5.915,34,3200,MON@CGY,CGY,MON,,,,,2
41852-15365,W,Andy,Andy Andreoff,Andreoff,6.07153,7,3000,BUF@PHI,PHI,BUF,,,,0,4
41852-66686,W,Anthony,Anthony Beauvillier,Beauvillier,7.0142,32,4800,NYI@BOS,NYI,BOS,,,,,2
41852-21732,D,Anthony,Anthony Bitetto,Bitetto,4.79407,24,3500,CHI@WPG,WPG,CHI,,,,0,3
41852-66713,C,Anthony,Anthony Cirelli,Cirelli,7.50667,31,4800,DAL@TB,TB,DAL,,,,,2
41852-43120,W,Anthony,Anthony Duclair,Duclair,10.4987,35,4900,NSH@OTT,OTT,NSH,,,,,2
41852-15333,W,Antoine,Antoine Roussel,Roussel,5.95873,7,3400,VGK@VAN,VAN,VGK,,,,,3
41852-8893,G,Anton,Anton Khudobin,Khudobin,16.4416,13,7800,DAL@TB,DAL,TB,,,,,
41852-70582,D,Anton,Anton Lindholm,Lindholm,4.6528,1,3500,CAR@COL,COL,CAR,,,,0,3
41852-8394,C,Anze,Anze Kopitar,Kopitar,10.0222,36,7400,LA@CBJ,LA,CBJ,,,,,1
41852-8516,C,Artem,Artem Anisimov,Anisimov,9.0022,17,3500,NSH@OTT,OTT,NSH,,,,,3
41852-70483,W,Artturi,Artturi Lehkonen,Lehkonen,6.76707,34,3900,MON@CGY,MON,CGY,,,,,2
41852-66642,W,Austin,Austin Wagner,Wagner,6.20113,32,3000,LA@CBJ,LA,CBJ,,,,0,4
41852-14151,W,Austin,Austin Watson,Watson,6.8542,33,3200,NSH@OTT,NSH,OTT,,,,0,4
41852-13742,D,Ben,Ben Chiarot,Chiarot,7.3824,34,4300,MON@CGY,MON,CGY,,,,,1
41852-61860,D,Ben,Ben Hutton,Hutton,6.97613,36,3500,LA@CBJ,LA,CBJ,,,,,2
41852-8503,W,Blake,Blake Comeau,Comeau,4.891,21,3400,DAL@TB,DAL,TB,,,,,3
41852-103276,C,Blake,Blake Lizotte,Lizotte,5.56373,36,3700,LA@CBJ,LA,CBJ,,,,0,4
41852-8182,C,Blake,Blake Wheeler,Wheeler,8.9382,34,7100,CHI@WPG,WPG,CHI,,,,,2
41852-42478,C,Bo,Bo Horvat,Horvat,11.3967,35,5600,VGK@VAN,VAN,VGK,,,,,1
41852-15251,C,Boone,Boone Jenner,Jenner,12.8442,34,4100,LA@CBJ,CBJ,LA,,,,,1
41852-42908,D,Brad,Brad Hunt,Hunt,6.28353,35,3500,MIN@ARI,MIN,ARI,,,,,3
41852-8763,W,Brad,Brad Marchand,Marchand,13.6515,35,8100,NYI@BOS,BOS,NYI,,,,,1
41852-8397,C,Brad,Brad Richardson,Richardson,5.64367,29,3300,MIN@ARI,ARI,MIN,,,,0,4
41852-97147,W,Brady,Brady Tkachuk,Tkachuk,11.0966,35,6100,NSH@OTT,OTT,NSH,,,,,1
41852-66606,D,Brandon,Brandon Carlo,Carlo,4.80673,35,3700,NYI@BOS,BOS,NYI,,,,,2
41852-61859,D,Brandon,Brandon Montour,Montour,6.37973,21,4400,BUF@PHI,BUF,PHI,,,,,1
41852-15280,W,Brandon,Brandon Saad,Saad,12.6465,35,4600,CHI@WPG,CHI,WPG,,,,,1
41852-12793,D,Brayden,Brayden McNabb,McNabb,7.10913,37,3600,VGK@VAN,VGK,VAN,,,,,1
41852-58926,C,Brayden,Brayden Point,Point,12.7423,29,7100,DAL@TB,TB,DAL,,,,,1
41852-15306,W,Brendan,Brendan Gallagher,Gallagher,13.9587,34,7600,MON@CGY,MON,CGY,,,,,1
41852-42962,D,Brett,Brett Kulak,Kulak,7.67273,23,3500,MON@CGY,MON,CGY,,,,,2
41852-62195,D,Brett,Brett Pesce,Pesce,5.93267,34,3600,CAR@COL,CAR,COL,,,,,2
41852-14158,W,Brian,Brian Gibbons,Gibbons,5.18293,14,3000,CAR@COL,CAR,COL,,,,0,4
41852-79857,W,Brock,Brock Boeser,Boeser,11.441,35,7300,VGK@VAN,VAN,VGK,,,,,2
41852-39252,W,Brock,Brock McGinn,McGinn,5.52367,34,3100,CAR@COL,CAR,COL,,,,0,4
41852-21897,C,Brock,Brock Nelson,Nelson,7.231,32,6200,NYI@BOS,NYI,BOS,,,,,2
41852-8425,W,Cal,Cal Clutterbuck,Clutterbuck,4.5846,32,3200,NYI@BOS,NYI,BOS,,,,0,4
41852-97120,D,Cale,Cale Fleury,Fleury,4.99407,28,3500,MON@CGY,MON,CGY,,,,,
41852-14056,W,Cam,Cam Atkinson,Atkinson,12.158,34,6800,LA@CBJ,CBJ,LA,,,,,3
41852-8452,G,Carey,Carey Price,Price,15.3899,27,8700,MON@CGY,MON,CGY,,,,,
41852-39295,C,Carl,Carl Soderberg,Soderberg,8.6982,36,4400,MIN@ARI,ARI,MIN,,,,,2
41852-79924,D,Carson,Carson Soucy,Soucy,5.38993,32,3800,MIN@ARI,MIN,ARI,,,,,2
41852-73938,G,Carter,Carter Hart,Hart,17.5787,23,7800,BUF@PHI,PHI,BUF,,,,,
41852-11133,G,Carter,Carter Hutton,Hutton,18.9227,15,7200,BUF@PHI,BUF,PHI,,,,0,
41852-43028,W,Carter,Carter Verhaeghe,Verhaeghe,4.33127,22,3200,DAL@TB,TB,DAL,,,,0,4
41852-9033,C,Casey,Casey Cizikas,Cizikas,4.666,27,3700,NYI@BOS,NYI,BOS,,,,0,4
41852-39676,C,Cedric,Cedric Paquette,Paquette,6.1914,24,3500,DAL@TB,TB,DAL,,,,,3
41852-42839,C,Chandler,Chandler Stephenson,Stephenson,4.53767,32,3900,VGK@VAN,VGK,VAN,,,,,2
41852-16969,W,Charlie,Charlie Coyle,Coyle,7.17327,35,4200,NYI@BOS,BOS,NYI,,,,,3
41852-70912,D,Charlie,Charlie McAvoy,McAvoy,7.6218,35,4500,NYI@BOS,BOS,NYI,,,,,1
41852-39235,C,Chris,Chris Tierney,Tierney,6.06833,35,3800,NSH@OTT,OTT,NSH,,,,,2
41852-21895,W,Chris,Chris Wagner,Wagner,3.743,34,3400,NYI@BOS,BOS,NYI,,,,,3
41852-59120,C,Christian,Christian Dvorak,Dvorak,10.11,36,4100,MIN@ARI,ARI,MIN,,,,,1
41852-12291,D,Christopher,Christopher Tanev,Tanev,5.38133,35,3600,VGK@VAN,VAN,VGK,,,,,1
41852-8556,W,Claude,Claude Giroux,Giroux,11.2809,34,7600,BUF@PHI,PHI,BUF,,,,,1
41852-70905,W,Clayton,Clayton Keller,Keller,10.1131,36,5900,MIN@ARI,ARI,MIN,,,,,2
41852-12121,D,Cody,Cody Goloubef,Goloubef,5.66567,9,3500,NSH@OTT,OTT,NSH,,,,0,3
41852-73970,C,Colin,Colin Blackwell,Blackwell,5.01913,3,3000,NSH@OTT,NSH,OTT,,,,,3
41852-42924,D,Colin,Colin Miller,Miller,6.04527,26,3700,BUF@PHI,BUF,PHI,,,,0,
41852-79898,W,Colin,Colin White,White,8.77067,28,4200,NSH@OTT,OTT,NSH,,,,0,4
41852-42705,W,Colton,Colton Sissons,Sissons,5.5508,33,3500,NSH@OTT,NSH,OTT,,,,0,4
41852-43022,W,Connor,Connor Brown,Brown,7.5008,35,4200,NSH@OTT,OTT,NSH,,,,,1
41852-82177,D,Connor,Connor Clifton,Clifton,3.7332,25,3500,NYI@BOS,BOS,NYI,,,,0,
41852-58909,G,Connor,Connor Hellebuyck,Hellebuyck,20.2821,28,8100,CHI@WPG,WPG,CHI,,,,,
41852-21935,D,Connor,Connor Murphy,Murphy,7.2956,23,3600,CHI@WPG,CHI,WPG,,,,,1
41852-66622,W,Conor,Conor Garland,Garland,7.30127,36,3200,MIN@ARI,ARI,MIN,,,,0,4
41852-58877,W,Conor,Conor Sheary,Sheary,6.16413,29,3900,BUF@PHI,BUF,PHI,,,,,3
41852-8142,W,Corey,Corey Perry,Perry,7.0252,28,3600,DAL@TB,DAL,TB,,,,0,4
41852-15239,W,Craig,Craig Smith,Smith,10.5372,33,4000,NSH@OTT,NSH,OTT,,,,,3
41852-8468,D,Dan,Dan Hamhuis,Hamhuis,4.34887,31,3500,NSH@OTT,NSH,OTT,,,,0,3
41852-70915,D,Dante,Dante Fabbro,Fabbro,6.4518,33,3500,NSH@OTT,NSH,OTT,,,,,2
41852-70128,W,Danton,Danton Heinen,Heinen,11.2775,35,4400,NYI@BOS,BOS,NYI,,,,,2
41852-14466,G,Darcy,Darcy Kuemper,Kuemper,23.9771,24,8800,MIN@ARI,ARI,MIN,,,,,
41852-8643,W,David,David Backes,Backes,7.69313,13,3100,NYI@BOS,BOS,NYI,,,,0,4
41852-80028,C,David,David Kampf,Kampf,5.1846,35,3100,CHI@WPG,CHI,WPG,,,,0,4
41852-83234,W,David,David Kase,Kase,5.60967,4,3100,BUF@PHI,PHI,BUF,,,,,3
41852-8176,C,David,David Krejci,Krejci,6.37827,29,5600,NYI@BOS,BOS,NYI,,,,,2
41852-59218,W,David,David Pastrnak,Pastrnak,14.1613,35,8700,NYI@BOS,BOS,NYI,,,,,1
41852-70635,G,David,David Rittich,Rittich,21.3323,27,7800,MON@CGY,CGY,MON,,,,,
41852-12299,D,David,David Savard,Savard,7.318,34,3500,LA@CBJ,CBJ,LA,,,,,2
41852-62858,D,Dean,Dean Kukan,Kukan,5.04467,26,3500,LA@CBJ,CBJ,LA,,,,0,3
41852-70511,W,Denis,Denis Gurianov,Gurianov,3.6176,30,3500,DAL@TB,DAL,TB,,,,0,4
41852-82989,D,Dennis,Dennis Gilbert,Gilbert,7.57087,11,3500,CHI@WPG,CHI,WPG,,,,,2
41852-62927,C,Derek,Derek Ryan,Ryan,6.76193,36,3700,MON@CGY,CGY,MON,,,,,3
41852-12448,C,Derek,Derek Stepan,Stepan,6.3608,36,4700,MIN@ARI,ARI,MIN,,,,,3
41852-8294,C,Derick,Derick Brassard,Brassard,6.63713,32,4600,NYI@BOS,NYI,BOS,,,,,3
41852-8850,D,Deryk,Deryk Engelland,Engelland,4.49013,32,3700,VGK@VAN,VGK,VAN,,,,0,3
41852-8920,G,Devan,Devan Dubnyk,Dubnyk,14.1349,14,7500,MIN@ARI,MIN,ARI,,,,,
41852-70199,D,Devon,Devon Toews,Toews,6.83773,32,3900,NYI@BOS,NYI,BOS,,,,,3
41852-74086,W,Dillon,Dillon Dube,Dube,5.04333,14,3400,MON@CGY,CGY,MON,,,,,3
41852-42922,W,Dominik,Dominik Kubalik,Kubalik,5.7768,33,3600,CHI@WPG,CHI,WPG,,,,,1
41852-15356,DD,Dougie,Dougie Hamilton,Hamilton,12.9832,34,6400,CAR@COL,CAR,COL,,,,,1
41852-8406,DD,Drew,Drew Doughty,Doughty,8.4736,36,6000,LA@CBJ,LA,CBJ,,,,,1
41852-8266,D,Duncan,Duncan Keith,Keith,9.68053,26,4200,CHI@WPG,CHI,WPG,,,,,1
41852-8402,W,Dustin,Dustin Brown,Brown,11.6285,36,5500,LA@CBJ,LA,CBJ,,,,,1
41852-65969,C,Dylan,Dylan Strome,Strome,9.18913,31,5000,CHI@WPG,CHI,WPG,,,,,2
41852-41390,C,Elias,Elias Lindholm,Lindholm,11.2098,36,5600,MON@CGY,CGY,MON,,,,,2
41852-84409,C,Elias,Elias Pettersson,Pettersson,8.91353,35,7400,VGK@VAN,VAN,VGK,,,,,2
41852-82852,W,Eric,Eric Robinson,Robinson,5.70713,14,3100,LA@CBJ,CBJ,LA,,,,,2
41852-8234,C,Eric,Eric Staal,Staal,10.4927,35,6600,MIN@ARI,MIN,ARI,,,,,1
41852-84116,D,Erik,Erik Brannstrom,Brannstrom,8.60353,25,3500,NSH@OTT,OTT,NSH,,,,,2
41852-66643,D,Erik,Erik Cernak,Cernak,6.64813,29,3700,DAL@TB,TB,DAL,,,,,2
41852-62492,D,Erik,Erik Gustafsson,Gustafsson,9.9444,34,4400,CHI@WPG,CHI,WPG,,,,,2
41852-54575,D,Esa,Esa Lindell,Lindell,6.12887,35,3700,DAL@TB,DAL,TB,,,,,1
41852-62445,C,Evan,Evan Rodrigues,Rodrigues,9.24427,19,3000,BUF@PHI,BUF,PHI,,,,,3
41852-39253,W,Filip,Filip Forsberg,Forsberg,11.7447,27,7300,NSH@OTT,NSH,OTT,,,,,2
41852-11401,W,Gabriel,Gabriel Bourque,Bourque,4.5698,20,3100,CHI@WPG,WPG,CHI,,,,,3
41852-14697,W,Gabriel,Gabriel Landeskog,Landeskog,10.3559,18,7100,CAR@COL,COL,CAR,,,,,2
41852-13982,W,Gustav,Gustav Nyquist,Nyquist,11.4805,34,5700,LA@CBJ,CBJ,LA,,,,,1
41852-11254,D,Ian,Ian Cole,Cole,6.22567,29,3800,CAR@COL,COL,CAR,,,,,2
41852-84404,D,Ilya,Ilya Lyubushkin,Lyubushkin,6.22487,23,3500,MIN@ARI,ARI,MIN,,,,,1
41852-66511,DD,Ivan,Ivan Provorov,Provorov,11.4229,34,5600,BUF@PHI,PHI,BUF,,,,,1
41852-66734,C,J.C.,J.C. Beaudin,Beaudin,5.2866,17,3000,NSH@OTT,OTT,NSH,,,,0,4
41852-15360,W,J.T.,J.T. Miller,Miller,9.31767,35,5900,VGK@VAN,VAN,VGK,,,,,2
41852-66680,D,Jaccob,Jaccob Slavin,Slavin,6.3458,34,4100,CAR@COL,CAR,COL,,,,,1
41852-12619,G,Jack,Jack Campbell,Campbell,18.6288,12,7300,LA@CBJ,LA,CBJ,,,,0,
41852-64100,C,Jack,Jack Eichel,Eichel,12.0837,35,8900,BUF@PHI,BUF,PHI,,,,,1
41852-74047,W,Jack,Jack Roslovic,Roslovic,7.68687,34,3800,CHI@WPG,WPG,CHI,,,,,2
41852-12283,G,Jacob,Jacob Markstrom,Markstrom,17.0907,23,7600,VGK@VAN,VAN,VGK,,,,,
41852-66601,W,Jake,Jake DeBrusk,DeBrusk,9.2986,30,5700,NYI@BOS,BOS,NYI,,,,,2
41852-12952,D,Jake,Jake Gardiner,Gardiner,5.9458,34,3800,CAR@COL,CAR,COL,,,,,3
41852-54481,D,Jake,Jake McCabe,McCabe,6.40813,33,3500,BUF@PHI,BUF,PHI,,,,,2
41852-59413,W,Jake,Jake Virtanen,Virtanen,8.87047,35,3700,VGK@VAN,VAN,VGK,,,,,3
41852-70914,D,Jakob,Jakob Chychrun,Chychrun,8.73173,36,3700,MIN@ARI,ARI,MIN,,,,,2
41852-8303,W,Jakub,Jakub Voracek,Voracek,9.373,34,5700,BUF@PHI,PHI,BUF,,,,,3
41852-9052,G,James,James Reimer,Reimer,16.6677,13,7600,CAR@COL,CAR,COL,,,,,
41852-8797,W,James,James van Riemsdyk,van Riemsdyk,13.576,34,4400,BUF@PHI,PHI,BUF,,,,,2
41852-8986,W,Jamie,Jamie Benn,Benn,10.4905,35,6000,DAL@TB,DAL,TB,,,,,1
41852-15293,D,Jamie,Jamie Oleksiak,Oleksiak,5.68607,35,3600,DAL@TB,DAL,TB,,,,,2
41852-80561,D,Jan,Jan Rutta,Rutta,8.11507,15,3500,DAL@TB,TB,DAL,,,,,1
41852-12812,D,Jared,Jared Spurgeon,Spurgeon,7.41053,28,4700,MIN@ARI,MIN,ARI,,,,,1
41852-54822,C,Jason,Jason Dickinson,Dickinson,4.24933,31,3200,DAL@TB,DAL,TB,,,,0,4
41852-9014,C,Jay,Jay Beagle,Beagle,4.8556,26,3100,VGK@VAN,VAN,VGK,,,,0,4
41852-15287,C,Jean-Gabriel,Jean-Gabriel Pageau,Pageau,11.1298,35,5400,NSH@OTT,OTT,NSH,,,,,1
41852-8555,W,Jeff,Jeff Carter,Carter,9.57447,36,5300,LA@CBJ,LA,CBJ,,,,,2
41852-11201,D,Jeff,Jeff Petry,Petry,10.5526,34,4100,MON@CGY,MON,CGY,,,,,2
41852-12439,W,Jeff,Jeff Skinner,Skinner,11.6363,35,6300,BUF@PHI,BUF,PHI,,,,,3
41852-73826,W,Jimmy,Jimmy Vesey,Vesey,9.758,32,3500,BUF@PHI,BUF,PHI,,,,,2
41852-23051,W,Joakim,Joakim Nordstrom,Nordstrom,4.5476,24,3200,NYI@BOS,BOS,NYI,,,,0,4
41852-62158,D,Joakim,Joakim Ryan,Ryan,6.68247,23,3500,LA@CBJ,LA,CBJ,,,,,1
41852-8615,W,Joe,Joe Pavelski,Pavelski,7.6696,35,5400,DAL@TB,DAL,TB,,,,,2
41852-42983,W,Joel,Joel Armia,Armia,9.681,32,4800,MON@CGY,MON,CGY,,,,,2
41852-15340,D,Joel,Joel Edmundson,Edmundson,6.9622,34,3600,CAR@COL,CAR,COL,,,,,2
41852-14462,C,Johan,Johan Larsson,Larsson,5.52393,32,3600,BUF@PHI,BUF,PHI,,,,0,4
41852-14457,DD,John,John Klingberg,Klingberg,8.75713,28,5500,DAL@TB,DAL,TB,,,,,1
41852-8838,D,Johnny,Johnny Boychuk,Boychuk,7.51127,31,3500,NYI@BOS,NYI,BOS,,,,,1
41852-54514,W,Johnny,Johnny Gaudreau,Gaudreau,12.7955,36,7800,MON@CGY,CGY,MON,,,,,1
41852-41591,D,Jon,Jon Merrill,Merrill,5.75013,33,3500,VGK@VAN,VGK,VAN,,,,0,
41852-23438,D,Jonas,Jonas Brodin,Brodin,5.51607,35,3900,MIN@ARI,MIN,ARI,,,,,2
41852-37968,W,Jonathan,Jonathan Marchessault,Marchessault,13.2791,37,7000,VGK@VAN,VGK,VAN,,,,,1
41852-8254,C,Jonathan,Jonathan Toews,Toews,11.2957,35,6600,CHI@WPG,CHI,WPG,,,,,1
41852-116950,W,Joona,Joona Luoto,Luoto,4.54553,15,3000,CHI@WPG,WPG,CHI,,,,0,4
41852-62783,W,Joonas,Joonas Donskoi,Donskoi,7.77533,34,4600,CAR@COL,COL,CAR,,,,,2
41852-54065,G,Joonas,Joonas Korpisalo,Korpisalo,19.8027,27,7600,LA@CBJ,CBJ,LA,,,,,
41852-9025,W,Jordan,Jordan Eberle,Eberle,9.13607,22,5400,NYI@BOS,NYI,BOS,,,,,3
41852-82851,W,Jordan,Jordan Greenway,Greenway,5.77013,33,3800,MIN@ARI,MIN,ARI,,,,,3
41852-43008,W,Jordan,Jordan Martinook,Martinook,5.5236,19,3200,CAR@COL,CAR,COL,,,,0,4
41852-54457,D,Jordan,Jordan Oesterle,Oesterle,5.07373,28,3500,MIN@ARI,ARI,MIN,,,,0,3
41852-8596,C,Jordan,Jordan Staal,Staal,10.2875,34,5000,CAR@COL,CAR,COL,,,,,1
41852-12625,W,Jordan,Jordan Weal,Weal,7.94987,26,3100,MON@CGY,MON,CGY,,,,,3
41852-15380,D,Jordie,Jordie Benn,Benn,4.71447,35,3500,VGK@VAN,VAN,VGK,,,,0,3
41852-8495,W,Josh,Josh Bailey,Bailey,7.79507,32,5100,NYI@BOS,NYI,BOS,,,,,1
41852-15255,W,Josh,Josh Leivo,Leivo,8.90333,35,3800,VGK@VAN,VAN,VGK,,,,,1
41852-42981,D,Josh,Josh Morrissey,Morrissey,8.9518,32,4000,CHI@WPG,WPG,CHI,,,,,1
41852-11410,D,Justin,Justin Braun,Braun,7.13493,34,3600,BUF@PHI,PHI,BUF,,,,,2
41852-66411,G,Juuse,Juuse Saros,Saros,22.2837,17,7400,NSH@OTT,NSH,OTT,,,,,
41852-59208,W,Kevin,Kevin Fiala,Fiala,7.83513,30,4400,MIN@ARI,MIN,ARI,,,,,2
41852-58990,C,Kevin,Kevin Hayes,Hayes,9.45153,34,5400,BUF@PHI,PHI,BUF,,,,,2
41852-11365,D,Kevin,Kevin Shattenkirk,Shattenkirk,6.9406,32,4700,DAL@TB,TB,DAL,,,,,3
41852-80443,W,Kevin,Kevin Stenlund,Stenlund,6.8724,2,3000,LA@CBJ,CBJ,LA,,,,0,4
41852-113269,C,Kirby,Kirby Dach,Dach,7.19593,29,3100,CHI@WPG,CHI,WPG,,,,,3
41852-39972,D,Kurtis,Kurtis MacDermid,MacDermid,5.236,21,3500,LA@CBJ,LA,CBJ,,,,0,3
41852-9275,W,Kyle,Kyle Clifford,Clifford,6.89413,35,3500,LA@CBJ,LA,CBJ,,,,,2
41852-70125,W,Kyle,Kyle Connor,Connor,10.2095,34,6600,CHI@WPG,WPG,CHI,,,,,1
41852-8502,W,Kyle,Kyle Okposo,Okposo,5.65367,25,3900,BUF@PHI,BUF,PHI,,,,0,4
41852-9077,C,Kyle,Kyle Turris,Turris,8.55327,26,3900,NSH@OTT,NSH,OTT,,,,,3
41852-66611,W,Lawson,Lawson Crouse,Crouse,5.54193,32,3400,MIN@ARI,ARI,MIN,,,,,3
41852-70909,W,Logan,Logan Brown,Brown,6.59547,20,3500,NSH@OTT,OTT,NSH,,,,0,4
41852-39395,W,Logan,Logan Shaw,Shaw,5.11827,20,3000,CHI@WPG,WPG,CHI,,,,0,4
41852-9066,D,Luca,Luca Sbisa,Sbisa,6.0966,22,3500,CHI@WPG,WPG,CHI,,,,,2
41852-62920,C,Lucas,Lucas Wallmark,Wallmark,6.9902,34,3400,CAR@COL,CAR,COL,,,,,3
41852-70327,C,Luke,Luke Johnson,Johnson,4.2618,1,3000,MIN@ARI,MIN,ARI,,,,,2
41852-70913,W,Luke,Luke Kunin,Kunin,6.2828,34,3600,MIN@ARI,MIN,ARI,,,,,3
41852-8612,G,Marc-Andre,Marc-Andre Fleury,Fleury,17.2411,24,8900,VGK@VAN,VGK,VAN,,,,,
41852-8903,D,Marco,Marco Scandella,Scandella,6.93373,27,3600,BUF@PHI,BUF,PHI,,,,0,3
41852-11150,W,Marcus,Marcus Foligno,Foligno,5.0298,25,3300,MIN@ARI,MIN,ARI,,,,0,4
41852-79886,G,Marcus,Marcus Hogberg,Hogberg,16.3707,3,7100,NSH@OTT,OTT,NSH,,,,,
41852-12220,C,Marcus,Marcus Johansson,Johansson,9.02207,28,4400,BUF@PHI,BUF,PHI,,,,,2
41852-12265,D,Mark,Mark Barberio,Barberio,7.13027,14,3500,CAR@COL,COL,CAR,,,,,3
41852-13743,D,Mark,Mark Borowiecki,Borowiecki,7.42607,35,3600,NSH@OTT,OTT,NSH,,,,,2
41852-8230,DD,Mark,Mark Giordano,Giordano,13.4335,36,5500,MON@CGY,CGY,MON,,,,,1
41852-15321,C,Mark,Mark Scheifele,Scheifele,10.2344,34,7600,CHI@WPG,WPG,CHI,,,,,1
41852-12628,W,Mark,Mark Stone,Stone,9.78647,37,6800,VGK@VAN,VGK,VAN,,,,,2
41852-53527,W,Marko,Marko Dano,Dano,6.38187,2,3000,LA@CBJ,CBJ,LA,,,,0,4
41852-82045,W,Martin,Martin Necas,Necas,5.75367,30,3300,CAR@COL,CAR,COL,,,,,3
41852-82155,W,Mason,Mason Appleton,Appleton,5.40667,9,3000,CHI@WPG,WPG,CHI,,,,,3
41852-66685,C,Mathew,Mathew Barzal,Barzal,8.97007,32,6400,NYI@BOS,NYI,BOS,,,,,1
41852-12253,W,Mats,Mats Zuccarello,Zuccarello,8.9728,31,5300,MIN@ARI,MIN,ARI,,,,,1
41852-8746,W,Matt,Matt Calvert,Calvert,6.27747,27,4100,CAR@COL,COL,CAR,,,,,3
41852-8275,W,Matt,Matt Duchene,Duchene,11.7803,32,6200,NSH@OTT,NSH,OTT,,,,,2
41852-23225,D,Matt,Matt Dumba,Dumba,7.38593,35,3600,MIN@ARI,MIN,ARI,,,,,3
41852-68655,D,Matt,Matt Grzelcyk,Grzelcyk,5.6656,35,3800,NYI@BOS,BOS,NYI,,,,,3
41852-9196,W,Matt,Matt Martin,Martin,4.63773,20,3000,NYI@BOS,NYI,BOS,,,,0,4
41852-39234,W,Matt,Matt Nieto,Nieto,4.72533,34,3700,CAR@COL,COL,CAR,,,,0,4
41852-8328,D,Matt,Matt Niskanen,Niskanen,10.5334,34,4100,BUF@PHI,PHI,BUF,,,,,1
41852-79865,D,Matt,Matt Roy,Roy,6.49273,36,4100,LA@CBJ,LA,CBJ,,,,,2
41852-79790,W,Matthew,Matthew Highmore,Highmore,5.9372,6,3000,CHI@WPG,CHI,WPG,,,,0,4
41852-70904,W,Matthew,Matthew Tkachuk,Tkachuk,13.0725,35,6300,MON@CGY,CGY,MON,,,,,2
41852-14456,D,Mattias,Mattias Ekholm,Ekholm,8.74573,32,4300,NSH@OTT,NSH,OTT,,,,,2
41852-60686,W,Mattias,Mattias Janmark,Janmark,6.79453,29,4100,DAL@TB,DAL,TB,,,,,2
41852-41592,C,Max,Max Domi,Domi,8.4224,34,5400,MON@CGY,MON,CGY,,,,,2
41852-8441,W,Max,Max Pacioretty,Pacioretty,11.5088,37,7200,VGK@VAN,VGK,VAN,,,,,2
41852-59142,C,Michael,Michael Amadio,Amadio,7.4992,34,3500,LA@CBJ,LA,CBJ,,,,,3
41852-8384,W,Michael,Michael Frolik,Frolik,6.05293,34,3600,MON@CGY,CGY,MON,,,,0,4
41852-8810,W,Michael,Michael Grabner,Grabner,7.2702,34,3200,MIN@ARI,ARI,MIN,,,,0,4
41852-9189,W,Mikael,Mikael Backlund,Backlund,8.05887,36,4600,MON@CGY,CGY,MON,,,,,1
41852-23041,W,Mikael,Mikael Granlund,Granlund,11.6759,28,4800,NSH@OTT,NSH,OTT,,,,,1
41852-66656,D,Mike,Mike Reilly,Reilly,5.8828,12,3700,MON@CGY,MON,CGY,,,,0,3
41852-70907,D,Mikhail,Mikhail Sergachev,Sergachev,7.81893,32,4500,DAL@TB,TB,DAL,,,,,3
41852-79963,W,Mikhail,Mikhail Vorobyev,Vorobyev,4.873,11,3000,BUF@PHI,PHI,BUF,,,,0,4
41852-66737,W,Mikko,Mikko Rantanen,Rantanen,10.1978,18,7800,CAR@COL,COL,CAR,,,,,1
41852-8178,W,Milan,Milan Lucic,Lucic,6.9114,34,3500,MON@CGY,CGY,MON,,,,,3
41852-82174,D,Miro,Miro Heiskanen,Heiskanen,8.0454,35,4900,DAL@TB,DAL,TB,,,,,2
41852-66717,C,Mitchell,Mitchell Stephens,Stephens,4.3672,4,3000,DAL@TB,TB,DAL,,,,0,4
41852-81974,C,Morgan,Morgan Frost,Frost,6.70707,14,3600,BUF@PHI,PHI,BUF,,,,,3
41852-39243,D,Nate,Nate Schmidt,Schmidt,9.14307,25,4200,VGK@VAN,VGK,VAN,,,,,1
41852-8829,C,Nate,Nate Thompson,Thompson,4.69753,34,3200,MON@CGY,MON,CGY,,,,0,4
41852-15302,D,Nathan,Nathan Beaulieu,Beaulieu,4.32533,15,3500,CHI@WPG,WPG,CHI,,,,0,3
41852-41391,C,Nathan,Nathan MacKinnon,MacKinnon,15.1039,34,9100,CAR@COL,COL,CAR,,,,,1
41852-8741,C,Nazem,Nazem Kadri,Kadri,14.2095,31,5100,CAR@COL,COL,CAR,,,,,2
41852-80005,D,Neal,Neal Pionk,Pionk,8.1494,34,4200,CHI@WPG,WPG,CHI,,,,,2
41852-39311,C,Nicholas,Nicholas Shore,Shore,5.17893,26,3000,CHI@WPG,WPG,CHI,,,,0,4
41852-11122,C,Nick,Nick Bonino,Bonino,8.3232,33,4300,NSH@OTT,NSH,OTT,,,,0,4
41852-15307,W,Nick,Nick Cousins,Cousins,9.60333,28,3700,MON@CGY,MON,CGY,,,,,3
41852-8539,C,Nick,Nick Foligno,Foligno,9.288,31,4600,LA@CBJ,CBJ,LA,,,,,3
41852-10842,D,Nick,Nick Holden,Holden,5.29627,28,3500,VGK@VAN,VGK,VAN,,,,0,3
41852-11170,D,Nick,Nick Leddy,Leddy,6.12147,24,3800,NYI@BOS,NYI,BOS,,,,,1
41852-59261,W,Nick,Nick Paul,Paul,5.64613,30,3100,NSH@OTT,OTT,NSH,,,,,2
41852-73889,W,Nick,Nick Schmaltz,Schmaltz,6.64493,36,4700,MIN@ARI,ARI,MIN,,,,,2
41852-82006,C,Nick,Nick Suzuki,Suzuki,6.9366,34,3600,MON@CGY,MON,CGY,,,,,3
41852-103262,C,Nico,Nico Sturm,Sturm,4.22227,1,3000,MIN@ARI,MIN,ARI,,,,,3
41852-59263,W,Nicolas,Nicolas Aube-Kubel,Aube-Kubel,5.78547,2,3000,BUF@PHI,PHI,BUF,,,,,2
41852-43214,W,Nikita,Nikita Kucherov,Kucherov,12.9113,31,8200,DAL@TB,TB,DAL,,,,,1
41852-42994,D,Nikita,Nikita Zadorov,Zadorov,6.4726,30,3600,CAR@COL,COL,CAR,,,,,1
41852-104423,W,Nikolai,Nikolai Prokhorkin,Prokhorkin,5.2496,16,3300,LA@CBJ,LA,CBJ,,,,,3
41852-58907,W,Nikolaj,Nikolaj Ehlers,Ehlers,10.0261,34,5300,CHI@WPG,WPG,CHI,,,,,2
41852-12728,W,Nino,Nino Niederreiter,Niederreiter,8.5592,34,4600,CAR@COL,CAR,COL,,,,,2
41852-64101,D,Noah,Noah Hanifin,Hanifin,8.6308,36,3700,MON@CGY,CGY,MON,,,,,2
41852-42773,W,Oliver,Oliver Bjorkstrand,Bjorkstrand,11.2489,34,5200,LA@CBJ,CBJ,LA,,,,,1
41852-12244,D,Oliver,Oliver Ekman-Larsson,Ekman-Larsson,10.447,36,4700,MIN@ARI,ARI,MIN,,,,,1
41852-66689,D,Oliver,Oliver Kylington,Kylington,5.2868,26,3500,MON@CGY,CGY,MON,,,,0,3
41852-42862,D,Olli,Olli Maatta,Maatta,5.73107,31,3500,CHI@WPG,CHI,WPG,,,,0,3
41852-15315,W,Ondrej,Ondrej Palat,Palat,9.15507,32,4600,DAL@TB,TB,DAL,,,,,1
41852-80036,D,Oscar,Oscar Fantenberg,Fantenberg,6.9106,8,3500,VGK@VAN,VAN,VGK,,,,,2
41852-9354,W,Pat,Pat Maroon,Maroon,8.79133,30,3200,DAL@TB,TB,DAL,,,,,3
41852-8175,C,Patrice,Patrice Bergeron,Bergeron,11.7101,26,8300,NYI@BOS,BOS,NYI,,,,,1
41852-8262,W,Patrick,Patrick Kane,Kane,12.7054,35,8300,CHI@WPG,CHI,WPG,,,,,2
41852-70900,W,Patrik,Patrik Laine,Laine,11.8537,32,7500,CHI@WPG,WPG,CHI,,,,,1
41852-8274,C,Paul,Paul Stastny,Stastny,8.07307,37,4300,VGK@VAN,VGK,VAN,,,,,3
41852-8682,W,Phil,Phil Kessel,Kessel,11.5446,36,6400,MIN@ARI,ARI,MIN,,,,,1
41852-12697,G,Philipp,Philipp Grubauer,Grubauer,17.7781,19,8000,CAR@COL,COL,CAR,,,,,
41852-66407,D,Philippe,Philippe Myers,Myers,5.78547,18,3500,BUF@PHI,PHI,BUF,,,,0,
41852-15277,C,Phillip,Phillip Danault,Danault,9.1798,34,5700,MON@CGY,MON,CGY,,,,,1
41852-54951,C,Pierre-Edouard,Pierre-Edouard Bellemare,Bellemare,7.3326,33,3400,CAR@COL,COL,CAR,,,,,3
41852-70901,C,Pierre-Luc,Pierre-Luc Dubois,Dubois,10.6317,34,4900,LA@CBJ,CBJ,LA,,,,,2
41852-101277,D,Quinn,Quinn Hughes,Hughes,8.27387,34,4300,VGK@VAN,VAN,VGK,,,,,1
41852-23928,C,Radek,Radek Faksa,Faksa,7.40833,35,3400,DAL@TB,DAL,TB,,,,,3
41852-66688,D,Rasmus,Rasmus Andersson,Andersson,5.41987,36,3600,MON@CGY,CGY,MON,,,,,3
41852-84403,W,Rasmus,Rasmus Asplund,Asplund,4.8984,17,3200,BUF@PHI,BUF,PHI,,,,,2
41852-85132,D,Rasmus,Rasmus Dahlin,Dahlin,8.2568,27,5400,BUF@PHI,BUF,PHI,,,,,1
41852-42993,D,Rasmus,Rasmus Ristolainen,Ristolainen,8.0304,35,4800,BUF@PHI,BUF,PHI,,,,,2
41852-21689,W,Reilly,Reilly Smith,Smith,11.3318,37,5400,VGK@VAN,VGK,VAN,,,,,1
41852-62431,W,Riley,Riley Barber,Barber,5.22673,4,3000,MON@CGY,MON,CGY,,,,0,4
41852-12438,W,Riley,Riley Nash,Nash,5.98813,29,3000,LA@CBJ,CBJ,LA,,,,0,4
41852-8864,G,Robin,Robin Lehner,Lehner,17.4971,18,7900,CHI@WPG,CHI,WPG,,,,,
41852-54576,W,Rocco,Rocco Grimaldi,Grimaldi,6.67087,30,3500,NSH@OTT,NSH,OTT,,,,,2
41852-12262,DD,Roman,Roman Josi,Josi,11.6777,33,6600,NSH@OTT,NSH,OTT,,,,,1
41852-8650,D,Roman,Roman Polak,Polak,3.63813,16,3500,DAL@TB,DAL,TB,,,,0,3
41852-8167,D,Ron,Ron Hainsey,Hainsey,6.91233,35,3600,NSH@OTT,OTT,NSH,,,,,1
41852-80286,C,Roope,Roope Hintz,Hintz,7.23433,28,5200,DAL@TB,DAL,TB,,,,,2
41852-43089,W,Ross,Ross Johnston,Johnston,4.5226,18,3200,NYI@BOS,NYI,BOS,,,,,1
41852-54200,W,Ryan,Ryan Carpenter,Carpenter,6.58927,34,3000,CHI@WPG,CHI,WPG,,,,,3
41852-82812,C,Ryan,Ryan Donato,Donato,5.73687,32,3500,MIN@ARI,MIN,ARI,,,,,2
41852-54503,W,Ryan,Ryan Dzingel,Dzingel,8.47673,34,4500,CAR@COL,CAR,COL,,,,,3
41852-9083,D,Ryan,Ryan Ellis,Ellis,10.4081,33,5100,NSH@OTT,NSH,OTT,,,,,1
41852-43122,D,Ryan,Ryan Graves,Graves,7.46567,33,4200,CAR@COL,COL,CAR,,,,,2
41852-43176,W,Ryan,Ryan Hartman,Hartman,6.4514,35,3500,MIN@ARI,MIN,ARI,,,,0,4
41852-12592,C,Ryan,Ryan Johansen,Johansen,9.2922,33,6100,NSH@OTT,NSH,OTT,,,,,1
41852-12411,D,Ryan,Ryan McDonagh,McDonagh,6.76387,32,3800,DAL@TB,TB,DAL,,,,,2
41852-103240,W,Ryan,Ryan Poehling,Poehling,5.00653,7,3100,MON@CGY,MON,CGY,,,,0,4
41852-43200,D,Ryan,Ryan Pulock,Pulock,7.33293,32,4700,NYI@BOS,NYI,BOS,,,,,2
41852-8887,W,Ryan,Ryan Reaves,Reaves,5.53053,37,3000,VGK@VAN,VGK,VAN,,,,0,4
41852-8466,D,Ryan,Ryan Suter,Suter,6.826,35,5000,MIN@ARI,MIN,ARI,,,,,1
41852-58332,W,Sam,Sam Bennett,Bennett,5.97633,21,3100,MON@CGY,CGY,MON,,,,0,4
41852-55375,W,Sam,Sam Reinhart,Reinhart,9.73187,35,5600,BUF@PHI,BUF,PHI,,,,,1
41852-73909,D,Samuel,Samuel Girard,Girard,8.20787,34,4500,CAR@COL,COL,CAR,,,,,1
41852-15374,D,Scott,Scott Harrington,Harrington,4.89207,9,3500,LA@CBJ,CBJ,LA,,,,0,
41852-39261,D,Scott,Scott Mayfield,Mayfield,4.331,32,3700,NYI@BOS,NYI,BOS,,,,0,3
41852-15308,C,Sean,Sean Couturier,Couturier,11.6605,34,6700,BUF@PHI,PHI,BUF,,,,,1
41852-41389,C,Sean,Sean Monahan,Monahan,12.3887,36,7200,MON@CGY,CGY,MON,,,,,1
41852-82029,D,Sean,Sean Walker,Walker,6.80107,36,3700,LA@CBJ,LA,CBJ,,,,,3
41852-73946,C,Sebastian,Sebastian Aho,Aho,11.2722,34,7700,CAR@COL,CAR,COL,,,,,2
41852-8732,G,Semyon,Semyon Varlamov,Varlamov,15.0507,19,8200,NYI@BOS,NYI,BOS,,,,,
41852-41394,D,Seth,Seth Jones,Jones,10.9521,34,5000,LA@CBJ,CBJ,LA,,,,,1
41852-54521,D,Shayne,Shayne Gostisbehere,Gostisbehere,9.26747,31,4500,BUF@PHI,PHI,BUF,,,,,3
41852-43093,D,Shea,Shea Theodore,Theodore,10.13,37,4800,VGK@VAN,VGK,VAN,,,,,2
41852-8467,DD,Shea,Shea Weber,Weber,10.1432,34,6900,MON@CGY,MON,CGY,,,,,1
41852-8655,W,Steven,Steven Stamkos,Stamkos,9.99447,29,8600,DAL@TB,TB,DAL,,,,,2
41852-11158,D,T.J.,T.J. Brodie,Brodie,6.5574,31,3700,MON@CGY,CGY,MON,,,,,1
41852-39870,W,Tanner,Tanner Pearson,Pearson,9.3688,35,5100,VGK@VAN,VAN,VGK,,,,,1
41852-12410,W,Taylor,Taylor Hall,Hall,13.6193,31,7300,MIN@ARI,ARI,MIN,,,,,1
41852-43178,W,Teuvo,Teuvo Teravainen,Teravainen,9.57553,34,6700,CAR@COL,CAR,COL,,,,,2
41852-66759,DD,Thomas,Thomas Chabot,Chabot,11.7144,35,5600,NSH@OTT,OTT,NSH,,,,,1
41852-39242,W,Tim,Tim Schaller,Schaller,5.4808,33,3000,VGK@VAN,VAN,VGK,,,,0,4
41852-39146,W,Tobias,Tobias Rieder,Rieder,6.00927,27,3100,MON@CGY,CGY,MON,,,,0,4
41852-13913,W,Tom,Tom Kuhnhackl,Kuhnhackl,4.34433,6,3000,NYI@BOS,NYI,BOS,,,,,2
41852-59235,W,Tomas,Tomas Nosek,Nosek,5.87067,34,3400,VGK@VAN,VGK,VAN,,,,0,4
41852-9321,W,Tomas,Tomas Tatar,Tatar,11.1691,34,6100,MON@CGY,MON,CGY,,,,,1
41852-21648,D,Torey,Torey Krug,Krug,9.83673,30,5300,NYI@BOS,BOS,NYI,,,,,2
41852-9036,D,Travis,Travis Hamonic,Hamonic,6.7592,30,4000,MON@CGY,CGY,MON,,,,,2
41852-66508,W,Travis,Travis Konecny,Konecny,13.1529,31,6200,BUF@PHI,PHI,BUF,,,,,1
41852-59271,D,Travis,Travis Sanheim,Sanheim,8.5576,34,4000,BUF@PHI,PHI,BUF,,,,,2
41852-8966,W,Trevor,Trevor Lewis,Lewis,6.49107,28,3000,LA@CBJ,LA,CBJ,,,,,2
41852-54126,D,Trevor,Trevor van Riemsdyk,van Riemsdyk,4.19053,20,3500,CAR@COL,CAR,COL,,,,0,3
41852-70169,D,Troy,Troy Stecher,Stecher,4.227,35,3600,VGK@VAN,VAN,VGK,,,,0,3
41852-79881,D,Tucker,Tucker Poolman,Poolman,7.43973,32,3700,CHI@WPG,WPG,CHI,,,,,1
41852-8193,G,Tuukka,Tuukka Rask,Rask,18.2928,21,8300,NYI@BOS,BOS,NYI,,,,,
41852-9006,W,Tyler,Tyler Ennis,Ennis,10.1964,35,3200,NSH@OTT,OTT,NSH,,,,,3
41852-13612,C,Tyler,Tyler Johnson,Johnson,7.11373,28,4000,DAL@TB,TB,DAL,,,,0,4
41852-68667,W,Tyler,Tyler Motte,Motte,5.7246,8,3200,VGK@VAN,VAN,VGK,,,,0,4
41852-8211,D,Tyler,Tyler Myers,Myers,8.61367,35,3700,VGK@VAN,VAN,VGK,,,,,2
41852-12718,W,Tyler,Tyler Pitlick,Pitlick,7.01373,28,3000,BUF@PHI,PHI,BUF,,,,0,4
41852-12417,C,Tyler,Tyler Seguin,Seguin,10.9089,35,7500,DAL@TB,DAL,TB,,,,,1
41852-12624,W,Tyler,Tyler Toffoli,Toffoli,10.6268,35,5000,LA@CBJ,LA,CBJ,,,,,3
41852-70908,W,Tyson,Tyson Jost,Jost,4.33187,31,3300,CAR@COL,COL,CAR,,,,0,4
41852-42915,W,Valentin,Valentin Zykov,Zykov,7.22393,12,3000,VGK@VAN,VGK,VAN,,,,,3
41852-41392,W,Valeri,Valeri Nichushkin,Nichushkin,7.536,30,3600,CAR@COL,COL,CAR,,,,,3
41852-8669,DD,Victor,Victor Hedman,Hedman,11.9907,30,6200,DAL@TB,TB,DAL,,,,,1
41852-83057,W,Victor,Victor Olofsson,Olofsson,6.5732,35,7200,BUF@PHI,BUF,PHI,,,,,1
41852-15247,C,Victor,Victor Rask,Rask,4.7656,25,3200,MIN@ARI,MIN,ARI,,,,0,4
41852-62032,W,Vinnie,Vinnie Hinostroza,Hinostroza,4.60893,36,4400,MIN@ARI,ARI,MIN,,,,,3
41852-103445,D,Vladislav,Vladislav Gavrikov,Gavrikov,6.79533,33,3500,LA@CBJ,CBJ,LA,,,,,2
41852-15313,W,Vladislav,Vladislav Namestnikov,Namestnikov,8.15347,32,4400,NSH@OTT,OTT,NSH,,,,,3
41852-74076,W,Warren,Warren Foegele,Foegele,6.22987,34,4100,CAR@COL,CAR,COL,,,,,1
41852-43014,W,William,William Carrier,Carrier,6.90653,37,3600,VGK@VAN,VGK,VAN,,,,0,4
41852-39990,C,William,William Karlsson,Karlsson,11.4262,37,6300,VGK@VAN,VGK,VAN,,,,,1
41852-66408,W,Yakov,Yakov Trenin,Trenin,5.91327,5,3000,NSH@OTT,NSH,OTT,,,,,1
41852-53606,W,Yanni,Yanni Gourde,Gourde,6.11993,32,3900,DAL@TB,TB,DAL,,,,,3
41852-9330,D,Yannick,Yannick Weber,Weber,5.3252,19,3500,NSH@OTT,NSH,OTT,,,,0,3
41852-8478,W,Zach,Zach Parise,Parise,11.2211,35,6100,MIN@ARI,MIN,ARI,,,,,1
41852-68640,DD,Zach,Zach Werenski,Werenski,11.3484,27,5800,LA@CBJ,CBJ,LA,,,,,1
41852-8932,W,Zack,Zack Smith,Smith,6.38627,28,3100,CHI@WPG,CHI,WPG,,,,0,4
41852-8186,D,Zdeno,Zdeno Chara,Chara,7.2936,35,3700,NYI@BOS,BOS,NYI,,,,,1
41852-23222,W,Zemgus,Zemgus Girgensons,Girgensons,5.39227,35,3300,BUF@PHI,BUF,PHI,,,,0,4
41852-73963,W,A.J.,A.J. Greer,Greer,4.64,15,3000,CAR@COL,COL,CAR,,,,0,
41852-23069,D,Adam,Adam Clendening,Clendening,2.400000095,4,3500,LA@CBJ,CBJ,LA,,,,0,
41852-104427,G,Adam,Adam Werner,Werner,17.20000076,2,7000,CAR@COL,COL,CAR,,,,0,
41852-66612,G,Adin,Adin Hill,Hill,15.07692308,13,7000,MIN@ARI,ARI,MIN,,,,0,
41852-43196,W,Alan,Alan Quine,Quine,3.822222392,9,3000,MON@CGY,CGY,MON,,,,0,
41852-8967,D,Alec,Alec Martinez,Martinez,7.820833206,24,3600,LA@CBJ,LA,CBJ,IR,Wrist,,0,
41852-117070,W,Alex,Alex Beaucage,Beaucage,0,0,3000,CAR@COL,COL,CAR,,,,0,
41852-117020,D,Alex,Alex Breton,Breton,0,0,3500,MIN@ARI,MIN,ARI,,,,0,
41852-82191,W,Alex,Alex Formenton,Formenton,5.422222137,9,3000,NSH@OTT,OTT,NSH,,,,0,
41852-59226,G,Alex,Alex Nedeljkovic,Nedeljkovic,23.20000076,1,7000,CAR@COL,CAR,COL,,,,0,
41852-9252,G,Alex,Alex Stalock,Stalock,4.85,19,7400,MIN@ARI,MIN,ARI,,,,0,
41852-8709,D,Alexander,Alexander Edler,Edler,8.50370393,27,5400,VGK@VAN,VAN,VGK,,,,0,1
41852-82072,W,Alexander,Alexander Volkov,Volkov,1.600000024,4,3000,DAL@TB,TB,DAL,,,,0,
41852-73886,W,Alexandre,Alexandre Fortin,Fortin,4.98333327,24,3000,CHI@WPG,CHI,WPG,,,,0,
41852-14468,G,Anders,Anders Nilsson,Nilsson,17.5451,20,7700,NSH@OTT,OTT,NSH,,,,0,
41852-107995,W,Andrei,Andrei Chibisov,Chibisov,0,0,3000,CHI@WPG,WPG,CHI,,,,0,
41852-62157,W,Andrew,Andrew Copp,Copp,3.33,34,3600,CHI@WPG,WPG,CHI,,,,0,
41852-8259,W,Andrew,Andrew Ladd,Ladd,6.50769219,26,3000,NYI@BOS,NYI,BOS,,,,0,
41852-8827,D,Andrew,Andrew MacDonald,MacDonald,6.246808641,47,3500,MON@CGY,CGY,MON,,,,0,
41852-103261,D,Andrew,Andrew Peeke,Peeke,6.0794,7,3500,LA@CBJ,CBJ,LA,DTD,Hand,,0,
41852-15281,W,Andrew,Andrew Shaw,Shaw,6.961538462,26,4200,CHI@WPG,CHI,WPG,IR,Concussion,,0,
41852-68663,D,Andy,Andy Welinski,Welinski,4.461538462,26,3500,BUF@PHI,PHI,BUF,,,,0,
41852-116896,C,Anthony,Anthony Nellis,Nellis,0,0,3000,DAL@TB,DAL,TB,,,,0,
41852-66405,W,Anthony,Anthony Richard,Richard,3.200000048,1,3000,NSH@OTT,NSH,OTT,,,,0,
41852-104486,W,Anton,Anton Wedin,Wedin,1.200000048,4,3000,CHI@WPG,CHI,WPG,,,,0,
41852-40050,G,Antti,Antti Raanta,Raanta,19.73333359,12,8000,MIN@ARI,ARI,MIN,DTD,Illness,,0,
41852-104184,C,Arttu,Arttu Ruotsalainen,Ruotsalainen,0,0,3000,BUF@PHI,BUF,PHI,,,,0,
41852-117101,D,Arvin,Arvin Atwal,Atwal,0,0,3500,NSH@OTT,NSH,OTT,,,,0,
41852-61602,D,Ashton,Ashton Sautner,Sautner,1.600000024,1,3500,VGK@VAN,VAN,VGK,,,,0,
41852-62276,W,Austin,Austin Czarnik,Czarnik,6.262499809,8,3000,MON@CGY,CGY,MON,,,,0,
41852-97108,W,Barrett,Barrett Hayton,Hayton,5.085714068,14,3000,MIN@ARI,ARI,MIN,O,Not injury related,,0,
41852-8883,G,Ben,Ben Bishop,Bishop,20.26666641,24,8600,DAL@TB,DAL,TB,,,,0,
41852-8138,W,Bobby,Bobby Ryan,Ryan,4.650000095,16,3700,NSH@OTT,OTT,NSH,O,Not injury related,,0,
41852-97230,D,Bode,Bode Wilde,Wilde,0,0,3500,NYI@BOS,NYI,BOS,,,,0,
41852-116895,W,Brad,Brad McClure,McClure,0,0,3000,DAL@TB,DAL,TB,,,,0,
41852-15328,D,Brandon,Brandon Davidson,Davidson,6.400000254,3,3500,MON@CGY,CGY,MON,,,,0,
41852-8515,W,Brandon,Brandon Dubinsky,Dubinsky,4.649180428,61,3000,LA@CBJ,CBJ,LA,IR,Wrist,,0,
41852-103624,W,Brandon,Brandon Duhaime,Duhaime,0,0,3000,MIN@ARI,MIN,ARI,,,,0,
41852-12682,W,Brandon,Brandon Pirri,Pirri,3.781818043,11,3000,VGK@VAN,VGK,VAN,,,,0,
41852-8237,C,Brandon,Brandon Sutter,Sutter,5.7776,22,3700,VGK@VAN,VAN,VGK,,,,0,4
41852-8567,D,Braydon,Braydon Coburn,Coburn,3.623529322,17,3500,DAL@TB,TB,DAL,IR,Lower body,,0,
41852-39677,W,Brendan,Brendan Gaunce,Gaunce,8,1,3000,NYI@BOS,BOS,NYI,,,,0,
41852-73936,D,Brennan,Brennan Menell,Menell,6.24807,5,3500,MIN@ARI,MIN,ARI,,,,0,3
41852-8267,D,Brent,Brent Seabrook,Seabrook,1.48,32,3700,CHI@WPG,CHI,WPG,,,,0,
41852-117190,C,Brett,Brett Neumann,Neumann,0,0,3000,NYI@BOS,NYI,BOS,,,,0,
41852-15395,W,Brett,Brett Ritchie,Ritchie,4.405262997,19,3100,NYI@BOS,BOS,NYI,,,,0,
41852-8553,G,Brian,Brian Elliott,Elliott,14.35000038,16,7200,BUF@PHI,PHI,BUF,,,,0,
41852-8162,C,Bryan,Bryan Little,Little,10.5142855,7,4000,CHI@WPG,WPG,CHI,IR,Ear,,0,
41852-79880,W,C.J.,C.J. Smith,Smith,4.945454684,11,3000,BUF@PHI,BUF,PHI,,,,0,
41852-9085,C,Cal,Cal O'Reilly,O'Reilly,0,0,3000,BUF@PHI,PHI,BUF,,,,0,
41852-103523,DD,Cale,Cale Makar,Makar,13.88965475,29,5800,CAR@COL,COL,CAR,IR,Upper body,,0,
41852-23061,W,Calle,Calle Jarnkrok,Jarnkrok,10.5265,33,4600,NSH@OTT,NSH,OTT,,,,0,
41852-80398,D,Calle,Calle Rosen,Rosen,2.17,8,3500,CAR@COL,COL,CAR,,,,0,
41852-9040,D,Calvin,Calvin de Haan,de Haan,8.137931034,29,3600,CHI@WPG,CHI,WPG,IR,Shoulder,,0,
41852-11301,G,Cam,Cam Talbot,Talbot,14.56000061,10,7300,MON@CGY,CGY,MON,,,,0,
41852-21688,D,Cameron,Cameron Schilling,Schilling,4.800000191,4,3500,CHI@WPG,WPG,CHI,,,,0,
41852-70170,D,Carl,Carl Dahlstrom,Dahlstrom,2.666666667,12,3500,CHI@WPG,WPG,CHI,,,,0,
41852-79965,W,Carl,Carl Grundstrom,Grundstrom,6.577777863,9,3000,LA@CBJ,LA,CBJ,,,,0,
41852-73935,W,Carsen,Carsen Twarynski,Twarynski,3.146666718,15,3000,BUF@PHI,PHI,BUF,,,,0,
41852-82850,W,Casey,Casey Mittelstadt,Mittelstadt,5.038709579,31,3300,BUF@PHI,BUF,PHI,,,,0,
41852-68624,D,Casey,Casey Nelson,Nelson,4.442105343,38,3500,BUF@PHI,BUF,PHI,,,,0,
41852-103243,G,Cayden,Cayden Primeau,Primeau,22.79999924,2,7300,MON@CGY,MON,CGY,,,,0,
41852-39714,W,Charles,Charles Hudon,Hudon,3.555555556,9,3000,MON@CGY,MON,CGY,,,,0,
41852-68647,G,Charlie,Charlie Lindgren,Lindgren,27.20000076,1,7000,MON@CGY,MON,CGY,,,,0,
41852-8284,W,Chris,Chris Stewart,Stewart,1.76,13,3000,BUF@PHI,PHI,BUF,,,,0,
41852-66620,W,Christian,Christian Fischer,Fischer,1.36,34,3800,MIN@ARI,ARI,MIN,,,,0,
41852-54475,D,Christian,Christian Folin,Folin,5.120000076,5,3500,MON@CGY,MON,CGY,,,,0,
41852-80480,D,Christian,Christian Jaros,Jaros,0,1,3500,NSH@OTT,OTT,NSH,,,,0,
41852-82828,D,Christian,Christian Wolanin,Wolanin,7.356666565,30,3500,NSH@OTT,OTT,NSH,O,Shoulder,,0,
41852-59222,W,Clark,Clark Bishop,Bishop,2.879999924,5,3000,CAR@COL,CAR,COL,,,,0,
41852-11284,C,Cody,Cody Eakin,Eakin,5.987499873,24,3600,VGK@VAN,VGK,VAN,DTD,Head,,0,
41852-82004,C,Cody,Cody Glass,Glass,5.693749905,32,3600,VGK@VAN,VGK,VAN,DTD,Concussion,,0,
41852-61550,C,Cole,Cole Bardreau,Bardreau,4,9,3000,NYI@BOS,NYI,BOS,,,,0,
41852-117118,C,Cole,Cole Maier,Maier,0,0,3000,CHI@WPG,WPG,CHI,,,,0,
41852-8464,W,Colin,Colin Wilson,Wilson,6.044444614,9,3000,CAR@COL,COL,CAR,IR,Lower body,,0,
41852-73930,C,Connor,Connor Bunnaman,Bunnaman,2,4,3000,BUF@PHI,PHI,BUF,,,,0,
41852-82189,D,Conor,Conor Timmins,Timmins,0.800000012,2,3500,CAR@COL,COL,CAR,,,,0,
41852-117054,D,Cooper,Cooper Zech,Zech,0,0,3500,NYI@BOS,BOS,NYI,,,,0,
41852-8273,G,Corey,Corey Crawford,Crawford,3.94,19,7400,CHI@WPG,CHI,WPG,,,,0,
41852-15358,W,Cory,Cory Conacher,Conacher,4.400000095,4,3100,DAL@TB,TB,DAL,,,,0,
41852-8292,G,Craig,Craig Anderson,Anderson,12.44999981,16,7400,NSH@OTT,OTT,NSH,IR,Knee,,0,
41852-42860,W,Curtis,Curtis Lazar,Lazar,3.866666794,6,3000,BUF@PHI,BUF,PHI,,,,0,
41852-8233,G,Curtis,Curtis McElhinney,McElhinney,15.5,8,7900,DAL@TB,TB,DAL,,,,0,
41852-11225,W,Dale,Dale Weise,Weise,4.635293998,51,3000,MON@CGY,MON,CGY,,,,0,
41852-8526,D,Dan,Dan Girardi,Girardi,7.077419158,62,3500,DAL@TB,TB,DAL,,,,0,
41852-61551,W,Danick,Danick Martel,Martel,4.800000085,9,3000,DAL@TB,TB,DAL,,,,0,
41852-82927,D,Daniel,Daniel Brickley,Brickley,4.400000095,4,3500,LA@CBJ,LA,CBJ,,,,0,
41852-54528,W,Daniel,Daniel Carr,Carr,3.418181679,11,3000,NSH@OTT,NSH,OTT,,,,0,
41852-58998,D,Daniel,Daniel Walcott,Walcott,0,0,3500,DAL@TB,TB,DAL,,,,0,
41852-116949,C,David,David Gustafsson,Gustafsson,1.272727273,22,3000,CHI@WPG,WPG,CHI,O,Not injury related,,0,
41852-8391,D,Dennis,Dennis Seidenberg,Seidenberg,0,0,3500,NYI@BOS,NYI,BOS,,,,0,
41852-117078,C,Derek,Derek Barach,Barach,0,0,3000,LA@CBJ,CBJ,LA,,,,0,
41852-39264,D,Derek,Derek Forbort,Forbort,5.7086419,81,3500,LA@CBJ,LA,CBJ,O,Back,,0,
41852-117064,D,Derek,Derek Sheppard,Sheppard,0,0,3500,CAR@COL,CAR,COL,,,,0,
41852-12645,W,Devante,Devante Smith-Pelly,Smith-Pelly,4.325926039,54,3000,MON@CGY,CGY,MON,,,,0,
41852-116891,W,Diego,Diego Cuglietta,Cuglietta,0,0,3000,DAL@TB,DAL,TB,,,,0,
41852-8878,D,Dmitry,Dmitry Kulikov,Kulikov,5.664000244,25,3500,CHI@WPG,WPG,CHI,IR,Upper body,,0,
41852-82190,W,Drake,Drake Batherson,Batherson,1.600000024,2,3000,NSH@OTT,OTT,NSH,,,,0,
41852-70472,W,Drake,Drake Caggiula,Caggiula,5.279999797,15,3500,CHI@WPG,CHI,WPG,IR,Concussion,,0,
41852-8203,W,Drew,Drew Stafford,Stafford,4.887719405,57,3000,MIN@ARI,MIN,ARI,,,,0,
41852-8264,D,Dustin,Dustin Byfuglien,Byfuglien,12.79999942,42,3500,CHI@WPG,WPG,CHI,O,Suspension,,0,
41852-113279,C,Dylan,Dylan Cozens,Cozens,0,0,3000,BUF@PHI,BUF,PHI,,,,0,
41852-21936,D,Dylan,Dylan DeMelo,DeMelo,5.75,32,3800,NSH@OTT,OTT,NSH,IR,Finger,,0,
41852-117052,C,Dylan,Dylan McLaughlin,McLaughlin,0,0,3000,CHI@WPG,CHI,WPG,,,,0,
41852-82842,W,Dylan,Dylan Sikura,Sikura,1.35,2,3000,CHI@WPG,CHI,WPG,,,,0,
41852-82925,W,Eeli,Eeli Tolvanen,Tolvanen,6.724999905,4,3000,NSH@OTT,NSH,OTT,,,,0,
41852-107994,W,Eetu,Eetu Luostarinen,Luostarinen,3.200000048,8,3000,CAR@COL,CAR,COL,,,,0,
41852-103103,G,Elvis,Elvis Merzlikins,Merzlikins,7.200000339,9,7100,LA@CBJ,CBJ,LA,,,,0,
41852-104448,W,Emil,Emil Bemstrom,Bemstrom,5.739285605,28,3000,LA@CBJ,CBJ,LA,IR,Upper body,,0,
41852-117189,W,Erik,Erik Brown,Brown,0,0,3000,NYI@BOS,NYI,BOS,,,,0,
41852-8868,W,Erik,Erik Condra,Condra,4.933333397,6,3000,CAR@COL,COL,CAR,,,,0,
41852-39269,C,Erik,Erik Haula,Haula,11.45625019,16,4800,CAR@COL,CAR,COL,DTD,Knee,,0,
41852-8647,D,Erik,Erik Johnson,Johnson,8.313043346,23,3800,CAR@COL,COL,CAR,IR,Lower body,,0,
41852-117188,C,Felix,Felix Bibeau,Bibeau,0,0,3000,NYI@BOS,NYI,BOS,,,,0,
41852-66757,W,Filip,Filip Chlapik,Chlapik,4.444444444,18,3000,NSH@OTT,OTT,NSH,,,,0,
41852-59209,C,Frederick,Frederick Gaudreau,Gaudreau,2.574545566,55,3000,NSH@OTT,NSH,OTT,,,,0,
41852-22905,D,Fredrik,Fredrik Claesson,Claesson,4.897297215,37,3500,CAR@COL,CAR,COL,,,,0,
41852-70225,D,Gabriel,Gabriel Carlsson,Carlsson,1.600000024,1,3500,LA@CBJ,CBJ,LA,,,,0,
41852-12122,W,Gabriel,Gabriel Dumont,Dumont,2.666666667,3,3000,MIN@ARI,MIN,ARI,,,,0,
41852-15258,G,Garret,Garret Sparks,Sparks,1.600000024,1,7000,VGK@VAN,VGK,VAN,,,,0,
41852-79822,D,Gavin,Gavin Bayreuther,Bayreuther,6.284210607,19,3500,DAL@TB,DAL,TB,,,,0,
41852-54850,W,Gemel,Gemel Smith,Smith,5.599999746,3,3000,DAL@TB,TB,DAL,,,,0,
41852-82123,W,Gerald,Gerald Mayhew,Mayhew,1.19,7,3000,MIN@ARI,MIN,ARI,,,,0,
41852-70920,C,German,German Rubtsov,Rubtsov,2.666666667,3,3000,BUF@PHI,PHI,BUF,,,,0,
41852-21687,D,Greg,Greg Pateryn,Pateryn,5.109999847,80,3500,MIN@ARI,MIN,ARI,IR,Groin,,0,
41852-66798,D,Guillaume,Guillaume Brisebois,Brisebois,2.400000095,8,3500,VGK@VAN,VAN,VGK,,,,0,
41852-60674,D,Gustav,Gustav Forsling,Forsling,5.488372093,43,3500,CAR@COL,CAR,COL,,,,0,
41852-54110,D,Gustav,Gustav Olofsson,Olofsson,4.26666673,3,3500,MON@CGY,MON,CGY,,,,0,
41852-59220,D,Haydn,Haydn Fleury,Fleury,5.72631595,19,3500,CAR@COL,CAR,COL,,,,0,
41852-81999,D,Henri,Henri Jokiharju,Jokiharju,5.9754,35,3500,BUF@PHI,BUF,PHI,,,,0,3
41852-117105,C,Hunter,Hunter Garlent,Garlent,0,0,3000,NSH@OTT,NSH,OTT,,,,0,
41852-66705,D,Ian,Ian McCoshen,McCoshen,3.410526476,19,3500,CHI@WPG,CHI,WPG,,,,0,
41852-8158,W,Ilya,Ilya Kovalchuk,Kovalchuk,9.170587876,17,3000,LA@CBJ,LA,CBJ,,,,0,
41852-21710,W,J.T.,J.T. Brown,Brown,3.41428566,56,3000,MIN@ARI,MIN,ARI,,,,0,
41852-70279,W,J.T.,J.T. Compher,Compher,5.12,31,4400,CAR@COL,COL,CAR,,,,0,4
41852-104452,D,Jack,Jack Ramsey,Ramsey,0,0,3500,CHI@WPG,CHI,WPG,,,,0,
41852-117017,D,Jack,Jack Sadek,Sadek,0,0,3500,MIN@ARI,MIN,ARI,,,,0,
41852-82176,C,Jack,Jack Studnicka,Studnicka,6.400000095,2,3000,NYI@BOS,BOS,NYI,,,,0,
41852-103573,D,Jacob,Jacob Bryson,Bryson,0,0,3500,BUF@PHI,BUF,PHI,,,,0,
41852-82076,D,Jacob,Jacob MacDonald,MacDonald,7.599999905,2,3500,CAR@COL,COL,CAR,,,,0,
41852-79870,D,Jake,Jake Bischoff,Bischoff,5.599999905,4,3500,VGK@VAN,VGK,VAN,,,,0,
41852-116907,W,Jakob,Jakob Lilja,Lilja,4.640000153,10,3000,LA@CBJ,CBJ,LA,,,,0,
41852-66598,D,Jakub,Jakub Zboril,Zboril,0.800000012,2,3500,NYI@BOS,BOS,NYI,,,,0,
41852-66571,D,Jalen,Jalen Chatfield,Chatfield,1.49,0,3500,VGK@VAN,VAN,VGK,,,,0,
41852-82026,C,Jaret,Jaret Anderson-Dolan,Anderson-Dolan,4.159999847,5,3000,LA@CBJ,LA,CBJ,,,,0,
41852-8453,G,Jaroslav,Jaroslav Halak,Halak,22.34285627,14,8200,NYI@BOS,BOS,NYI,,,,0,
41852-9270,D,Jason,Jason Demers,Demers,5.239999898,30,3600,MIN@ARI,ARI,MIN,IR,Knee,,0,
41852-82170,W,Jason,Jason Robertson,Robertson,0,0,3000,DAL@TB,DAL,TB,,,,0,
41852-21686,W,Jason,Jason Zucker,Zucker,2.28,34,6300,MIN@ARI,MIN,ARI,O,Lower body,,0,
41852-62443,D,Jaycob,Jaycob Megna,Megna,4.714285714,28,3500,VGK@VAN,VGK,VAN,,,,0,
41852-37894,W,Jayson,Jayson Megna,Megna,1.799999952,8,3000,CAR@COL,COL,CAR,,,,0,
41852-42973,W,JC,JC Lipon,Lipon,0,0,3000,CHI@WPG,WPG,CHI,,,,0,
41852-42865,W,Jean-Sebastien,Jean-Sebastien Dea,Dea,0,1,3000,BUF@PHI,BUF,PHI,,,,0,
41852-66608,D,Jeremy,Jeremy Lauzon,Lauzon,3.349999905,16,3500,NYI@BOS,BOS,NYI,,,,0,
41852-117059,W,Jeremy,Jeremy McKenna,McKenna,0,0,3000,MON@CGY,CGY,MON,,,,0,
41852-104674,D,Jesper,Jesper Sellgren,Sellgren,0,0,3500,CAR@COL,CAR,COL,,,,0,
41852-97116,C,Jesperi,Jesperi Kotkaniemi,Kotkaniemi,5.222727342,22,4300,MON@CGY,MON,CGY,IR,Concussion,,0,
41852-103298,D,Jimmy,Jimmy Schuldt,Schuldt,11.19999981,1,3500,VGK@VAN,VGK,VAN,,,,0,
41852-117098,W,Joe,Joe Cox,Cox,0,0,3000,MON@CGY,MON,CGY,,,,0,
41852-73949,C,Joel,Joel Eriksson Ek,Eriksson Ek,1.4,30,4000,MIN@ARI,MIN,ARI,IR,Undisclosed,,0,
41852-103203,W,Joel,Joel Farabee,Farabee,1.48,27,3500,BUF@PHI,PHI,BUF,O,Suspension,,0,
41852-66710,D,Joel,Joel Hanley,Hanley,4.400000095,8,3500,DAL@TB,DAL,TB,,,,0,
41852-107990,W,Joel,Joel Kiviranta,Kiviranta,0,0,3000,DAL@TB,DAL,TB,,,,0,
41852-96780,W,Joel,Joel L'Esperance,L'Esperance,5.599999746,3,3000,DAL@TB,DAL,TB,,,,0,
41852-97118,W,Joel,Joel Teasdale,Teasdale,0,0,3000,MON@CGY,MON,CGY,,,,0,
41852-74031,D,John,John Gilmour,Gilmour,3.200000048,4,3500,BUF@PHI,BUF,PHI,,,,0,
41852-8860,D,John,John Moore,Moore,2.61,6,3500,NYI@BOS,BOS,NYI,,,,0,
41852-59246,W,John,John Quenneville,Quenneville,2.568421012,19,3000,CHI@WPG,CHI,WPG,,,,0,
41852-42417,W,Jonathan,Jonathan Drouin,Drouin,11.93684227,19,3000,MON@CGY,MON,CGY,IR,Wrist,,0,
41852-8412,G,Jonathan,Jonathan Quick,Quick,5.35,24,7700,LA@CBJ,LA,CBJ,,,,0,
41852-14484,W,Jordan,Jordan Szwarz,Szwarz,1.600000064,3,3000,NSH@OTT,OTT,NSH,,,,0,
41852-42772,W,Josh,Josh Anderson,Anderson,6.061538696,26,3000,LA@CBJ,CBJ,LA,IR,Shoulder,,0,
41852-103625,C,Josh,Josh Wilkins,Wilkins,0,0,3000,NSH@OTT,NSH,OTT,,,,0,
41852-59253,W,Joshua,Joshua Ho-Sang,Ho-Sang,4.079999924,10,3000,NYI@BOS,NYI,BOS,,,,0,
41852-70919,W,Julien,Julien Gauthier,Gauthier,0.3,5,3000,CAR@COL,CAR,COL,,,,0,
41852-58974,D,Julius,Julius Honka,Honka,4.910344617,29,3500,DAL@TB,DAL,TB,O,Contract dispute,,0,
41852-42984,W,Justin,Justin Bailey,Bailey,2.181818182,11,3000,VGK@VAN,VAN,VGK,,,,0,
41852-42786,W,Justin,Justin Dowling,Dowling,1.33,22,3300,DAL@TB,DAL,TB,,,,0,
41852-117193,D,Justin,Justin Murray,Murray,0,0,3500,NYI@BOS,NYI,BOS,,,,0,
41852-82112,D,Juuso,Juuso Valimaki,Valimaki,5.900000254,24,3500,MON@CGY,CGY,MON,O,Knee,,0,
41852-84324,G,Kaapo,Kaapo Kahkonen,Kahkonen,20.31999969,5,7300,MIN@ARI,MIN,ARI,,,,0,
41852-117050,D,Kaedan,Kaedan Korczak,Korczak,0,0,3500,VGK@VAN,VGK,VAN,,,,0,
41852-8731,D,Karl,Karl Alzner,Alzner,4.088888804,9,3500,MON@CGY,MON,CGY,,,,0,
41852-82973,W,Karson,Karson Kuhlman,Kuhlman,3.200000048,8,3000,NYI@BOS,BOS,NYI,IR,Leg,,0,
41852-117075,W,Keeghan,Keeghan Howdeshell,Howdeshell,0,0,3000,MIN@ARI,ARI,MIN,,,,0,
41852-14183,G,Keith,Keith Kinkaid,Kinkaid,8.400000254,6,7000,MON@CGY,MON,CGY,,,,0,
41852-15401,D,Kevan,Kevan Miller,Miller,5.989743746,39,3500,NYI@BOS,BOS,NYI,O,Kneecap,,0,
41852-12094,D,Kevin,Kevin Connauton,Connauton,4.800000191,1,3500,CAR@COL,COL,CAR,,,,0,
41852-66629,W,Kole,Kole Sherwood,Sherwood,3.73333327,3,3000,LA@CBJ,CBJ,LA,,,,0,
41852-8260,W,Kris,Kris Versteeg,Versteeg,0,0,3000,CHI@WPG,CHI,WPG,,,,0,
41852-97206,W,Kristian,Kristian Vesalainen,Vesalainen,2.239999962,5,3000,CHI@WPG,WPG,CHI,,,,0,
41852-43188,W,Kurtis,Kurtis Gabriel,Gabriel,2.909090909,22,3000,BUF@PHI,PHI,BUF,,,,0,
41852-66615,D,Kyle,Kyle Capobianco,Capobianco,5.142857143,7,3500,MIN@ARI,ARI,MIN,,,,0,
41852-62254,W,Kyle,Kyle Rau,Rau,3.46666654,6,3000,MIN@ARI,MIN,ARI,,,,0,
41852-15271,G,Laurent,Laurent Brossoit,Brossoit,11.75999985,10,7500,CHI@WPG,WPG,CHI,,,,0,
41852-43011,C,Laurent,Laurent Dauphin,Dauphin,4.800000191,1,3000,NSH@OTT,NSH,OTT,,,,0,
41852-84289,D,Lawrence,Lawrence Pilut,Pilut,4.96969697,33,3500,BUF@PHI,BUF,PHI,,,,0,
41852-23054,W,Leo,Leo Komarov,Komarov,4.29773,16,3200,NYI@BOS,NYI,BOS,,,,0,
41852-54809,G,Linus,Linus Ullmark,Ullmark,19.08000031,20,7200,BUF@PHI,BUF,PHI,,,,0,
41852-97153,W,Logan,Logan O'Connor,O'Connor,4.457142966,7,3000,CAR@COL,COL,CAR,,,,0,
41852-8322,W,Loui,Loui Eriksson,Eriksson,2.776470633,17,3000,VGK@VAN,VAN,VGK,,,,0,
41852-82953,D,Louie,Louie Belpedio,Belpedio,3.200000048,2,3500,MIN@ARI,MIN,ARI,,,,0,
41852-117068,W,Luka,Luka Burzan,Burzan,0,0,3000,CAR@COL,COL,CAR,,,,0,
41852-8688,D,Luke,Luke Schenn,Schenn,3.876923194,13,3500,DAL@TB,TB,DAL,,,,0,
41852-39240,W,Luke,Luke Witkowski,Witkowski,4.066666603,12,3000,DAL@TB,TB,DAL,,,,0,
41852-12280,W,Magnus,Magnus Paajarvi,Paajarvi,6.220000076,80,3000,NSH@OTT,OTT,NSH,,,,0,
41852-43131,G,Malcolm,Malcolm Subban,Subban,14.52307716,13,8000,VGK@VAN,VGK,VAN,,,,0,
41852-80391,W,Mario,Mario Kempe,Kempe,4.369230711,52,3000,LA@CBJ,LA,CBJ,,,,0,
41852-68644,C,Mark,Mark Jankowski,Jankowski,1.45,31,3000,MON@CGY,CGY,MON,,,,0,
41852-10797,C,Mark,Mark Letestu,Letestu,2.285714286,7,3000,CHI@WPG,WPG,CHI,IR,Illness,,0,
41852-62442,W,Markus,Markus Hannikainen,Hannikainen,3.818181818,44,3000,LA@CBJ,CBJ,LA,,,,0,
41852-70416,D,Markus,Markus Nutivaara,Nutivaara,6.4,10,3500,LA@CBJ,CBJ,LA,IR,Upper body,,0,
41852-43132,W,Martin,Martin Frk,Frk,3.456666565,30,3000,LA@CBJ,LA,CBJ,,,,0,
41852-8575,C,Martin,Martin Hanzal,Hanzal,7.042857034,7,3000,DAL@TB,DAL,TB,IR,Back,,0,
41852-117091,W,Mason,Mason Bergh,Bergh,0,0,3000,LA@CBJ,LA,CBJ,,,,0,
41852-117060,W,Mason,Mason Morelli,Morelli,0,0,3000,MON@CGY,CGY,MON,,,,0,
41852-117049,C,Mason,Mason Primeau,Primeau,0,0,3000,VGK@VAN,VGK,VAN,,,,0,
41852-82122,C,Mason,Mason Shaw,Shaw,0,0,3000,MIN@ARI,MIN,ARI,O,Knee,,0,
41852-66716,W,Mathieu,Mathieu Joseph,Joseph,2.34,31,3100,DAL@TB,TB,DAL,,,,0,
41852-73902,W,Mathieu,Mathieu Olivier,Olivier,2.400000095,8,3000,NSH@OTT,NSH,OTT,,,,0,
41852-9305,W,Mathieu,Mathieu Perreault,Perreault,6.851515336,33,3200,CHI@WPG,WPG,CHI,IR,Concussion,,0,
41852-12120,D,Matt,Matt Bartkowski,Bartkowski,8.399999619,2,3500,MIN@ARI,MIN,ARI,,,,0,
41852-8191,D,Matt,Matt Hunwick,Hunwick,3.314285823,14,3500,BUF@PHI,BUF,PHI,O,Neck,,0,
41852-11387,D,Matt,Matt Irwin,Irwin,5.72913,15,3500,NSH@OTT,NSH,OTT,,,,0,
41852-74099,W,Matt,Matt Luff,Luff,1.18,10,3200,LA@CBJ,LA,CBJ,,,,0,
41852-8675,C,Matt,Matt Stajan,Stajan,0,0,3000,MON@CGY,CGY,MON,,,,0,
41852-62293,C,Matthew,Matthew Peca,Peca,2,4,3000,MON@CGY,MON,CGY,IR,Knee,,0,
41852-117095,D,Max,Max Gottlieb,Gottlieb,0,0,3500,LA@CBJ,LA,CBJ,,,,0,
41852-54816,W,Max,Max McCormick,McCormick,2.91428566,14,3000,CAR@COL,CAR,COL,,,,0,
41852-102994,W,Max,Max Veronneau,Veronneau,2,4,3000,NSH@OTT,OTT,NSH,,,,0,
41852-117111,D,Maxence,Maxence Guenette,Guenette,0,0,3500,NSH@OTT,OTT,NSH,,,,0,
41852-74132,D,Maxime,Maxime Lajoie,Lajoie,1.600000024,4,3500,NSH@OTT,OTT,NSH,,,,0,
41852-66617,W,Michael,Michael Bunting,Bunting,4.320000076,5,3000,MIN@ARI,ARI,MIN,,,,0,
41852-12630,C,Michael,Michael Chaput,Chaput,3.650000095,32,3000,MIN@ARI,ARI,MIN,,,,0,
41852-59251,W,Michael,Michael Dal Colle,Dal Colle,1.17,26,3000,NYI@BOS,NYI,BOS,O,Upper body,,0,
41852-82098,G,Michael,Michael DiPietro,DiPietro,0.800000012,1,7000,VGK@VAN,VAN,VGK,,,,0,
41852-42795,W,Michael,Michael McCarron,McCarron,0,0,3000,MON@CGY,MON,CGY,,,,0,
41852-40039,W,Michael,Michael Raffl,Raffl,5.399999891,28,3000,BUF@PHI,PHI,BUF,IR,Finger,,0,
41852-8956,D,Michael,Michael Stone,Stone,1.34,18,3500,MON@CGY,CGY,MON,,,,0,
41852-15272,W,Micheal,Micheal Ferland,Ferland,5.085714068,14,3000,VGK@VAN,VAN,VGK,IR,Upper body,,0,
41852-39405,W,Miikka,Miikka Salomaki,Salomaki,4,5,3000,NSH@OTT,NSH,OTT,,,,0,
41852-104139,C,Mikael,Mikael Hakkarainen,Hakkarainen,0,0,3000,CHI@WPG,CHI,WPG,,,,0,
41852-103753,D,Mikey,Mikey Anderson,Anderson,0,0,3500,LA@CBJ,LA,CBJ,,,,0,
41852-117044,W,Mikhail,Mikhail Shalagin,Shalagin,0,0,3000,DAL@TB,TB,DAL,,,,0,
41852-8584,W,Mikkel,Mikkel Boedker,Boedker,2.933333397,6,3000,NSH@OTT,OTT,NSH,,,,0,
41852-8414,C,Mikko,Mikko Koivu,Koivu,7.549999782,28,4600,MIN@ARI,MIN,ARI,IR,Lower body,,0,
41852-11119,D,Nate,Nate Prosser,Prosser,2.453333282,15,3500,BUF@PHI,PHI,BUF,,,,0,
41852-58908,D,Nelson,Nelson Nogier,Nogier,3.200000048,1,3500,CHI@WPG,WPG,CHI,,,,0,
41852-117016,D,Nicholas,Nicholas Boka,Boka,0,0,3500,MIN@ARI,MIN,ARI,,,,0,
41852-79910,W,Nick,Nick Caamano,Caamano,3.799999873,12,3000,DAL@TB,DAL,TB,,,,0,
41852-68630,D,Nick,Nick Seeler,Seeler,3.46666654,6,3500,MIN@ARI,MIN,ARI,,,,0,
41852-82005,D,Nicolas,Nicolas Hague,Hague,6.06,26,3600,VGK@VAN,VGK,VAN,,,,0,2
41852-66678,C,Nicolas,Nicolas Roy,Roy,5.82857132,7,3000,VGK@VAN,VGK,VAN,,,,0,
41852-70375,D,Nikita,Nikita Zaitsev,Zaitsev,7.449999809,32,3500,NSH@OTT,OTT,NSH,IR,Lower body,,0,
41852-8270,D,Niklas,Niklas Hjalmarsson,Hjalmarsson,6.199999809,4,3500,MIN@ARI,ARI,MIN,IR,Lower leg,,0,
41852-58890,W,Nikolay,Nikolay Goldobin,Goldobin,0,1,3000,VGK@VAN,VAN,VGK,,,,0,
41852-97214,D,Noah,Noah Dobson,Dobson,1.41,10,3500,NYI@BOS,NYI,BOS,,,,0,
41852-66712,D,Noah,Noah Juulsen,Juulsen,6.742857434,21,3500,MON@CGY,MON,CGY,O,Head,,0,
41852-116947,W,Nolan,Nolan Foote,Foote,0,0,3000,DAL@TB,TB,DAL,,,,0,
41852-80992,C,Nolan,Nolan Patrick,Patrick,7.31388855,72,3000,BUF@PHI,PHI,BUF,O,Head,,0,
41852-97224,W,Oliver,Oliver Wahlstrom,Wahlstrom,2.311111026,9,3000,NYI@BOS,NYI,BOS,,,,0,
41852-80475,W,Oskar,Oskar Lindblom,Lindblom,11.02666626,30,4300,BUF@PHI,PHI,BUF,IR,Illness,,0,
41852-82825,C,Otto,Otto Koivula,Koivula,1.333333333,6,3000,NYI@BOS,NYI,BOS,,,,0,
41852-104175,D,Otto,Otto Leskinen,Leskinen,1.24,5,3500,MON@CGY,MON,CGY,,,,0,3
41852-84348,C,Par,Par Lindholm,Lindholm,2.520000076,20,3200,NYI@BOS,BOS,NYI,,,,0,
41852-116893,W,Parker,Parker MacKay,MacKay,0,0,3000,DAL@TB,DAL,TB,,,,0,
41852-54518,W,Patrick,Patrick Brown,Brown,0,0,3000,VGK@VAN,VGK,VAN,,,,0,
41852-11148,W,Paul,Paul Byron,Byron,3.74736826,19,3200,MON@CGY,MON,CGY,IR,Knee,,0,
41852-70325,D,Paul,Paul LaDue,LaDue,8,2,3500,LA@CBJ,LA,CBJ,,,,0,
41852-83213,G,Pavel,Pavel Francouz,Francouz,5.35,15,8700,CAR@COL,COL,CAR,,,,0,
41852-8472,G,Pekka,Pekka Rinne,Rinne,15.8315783,19,7500,NSH@OTT,NSH,OTT,,,,0,
41852-117042,C,Peter,Peter Abbandonato,Abbandonato,0,0,3000,DAL@TB,TB,DAL,,,,0,
41852-74134,W,Peter,Peter Cehlarik,Cehlarik,3.73333327,3,3000,NYI@BOS,BOS,NYI,,,,0,
41852-117069,D,Peter,Peter Tischke,Tischke,0,0,3500,CAR@COL,COL,CAR,,,,0,
41852-15400,G,Petr,Petr Mrazek,Mrazek,12.59,22,7900,CAR@COL,CAR,COL,,,,0,
41852-21521,W,Phil,Phil Varone,Varone,3.251063895,47,3000,MON@CGY,MON,CGY,,,,0,
41852-117191,C,Reece,Reece Newkirk,Newkirk,0,0,3000,NYI@BOS,NYI,BOS,,,,0,
41852-58972,W,Remi,Remi Elie,Elie,1.700000048,16,3000,BUF@PHI,BUF,PHI,,,,0,
41852-103095,W,Rhett,Rhett Gardner,Gardner,2,8,3000,DAL@TB,DAL,TB,,,,0,
41852-117057,D,Rob,Rob Hamilton,Hamilton,0,0,3500,MON@CGY,CGY,MON,,,,0,
41852-117000,D,Rob,Rob Michel,Michel,0,0,3500,BUF@PHI,PHI,BUF,,,,0,
41852-103211,W,Robert,Robert Carpenter,Carpenter,0,0,3000,NYI@BOS,NYI,BOS,,,,0,
41852-59269,D,Robert,Robert Hagg,Hagg,6.47167,20,3500,BUF@PHI,PHI,BUF,,,,0,3
41852-117053,W,Robert,Robert Lantosi,Lantosi,0,0,3000,NYI@BOS,BOS,NYI,,,,0,
41852-59144,D,Roland,Roland McKeown,McKeown,0,0,3500,CAR@COL,CAR,COL,,,,0,
41852-73969,W,Rudolfs,Rudolfs Balcers,Balcers,6.922222137,36,3000,NSH@OTT,OTT,NSH,,,,0,
41852-8520,W,Ryan,Ryan Callahan,Callahan,6.309615502,52,3000,NSH@OTT,OTT,NSH,O,Back,,0,
41852-23286,D,Ryan,Ryan Murray,Murray,1.8,24,3500,LA@CBJ,CBJ,LA,O,Upper body,,0,
41852-84361,W,Saku,Saku Maenalanen,Maenalanen,4.517647238,34,3000,CAR@COL,CAR,COL,,,,0,
41852-80379,D,Sami,Sami Niku,Niku,6.400000095,1,3500,CHI@WPG,WPG,CHI,,,,0,
41852-108386,C,Samuel,Samuel Asselin,Asselin,0,0,3000,NYI@BOS,BOS,NYI,,,,0,
41852-117192,D,Samuel,Samuel Bolduc,Bolduc,0,0,3500,NYI@BOS,NYI,BOS,,,,0,
41852-43000,D,Samuel,Samuel Morin,Morin,0,1,3500,BUF@PHI,PHI,BUF,IR,Knee,,0,
41852-117066,D,Sasha,Sasha Larocque,Larocque,0,0,3500,CAR@COL,COL,CAR,,,,0,
41852-117071,W,Sasha,Sasha Mutala,Mutala,0,0,3000,CAR@COL,COL,CAR,,,,0,
41852-37880,W,Scott,Scott Laughton,Laughton,1.54,19,3900,BUF@PHI,PHI,BUF,IR,Groin,,0,
41852-42918,W,Scott,Scott Sabourin,Sabourin,3.854545593,11,3000,NSH@OTT,OTT,NSH,IR,Concussion,,0,
41852-58879,C,Scott,Scott Wilson,Wilson,4.479999797,15,3000,BUF@PHI,BUF,PHI,O,Undisclosed,,0,
41852-8579,W,Scottie,Scottie Upshall,Upshall,0,0,3000,DAL@TB,DAL,TB,,,,0,
41852-68648,C,Sean,Sean Kuraly,Kuraly,5.06433,35,3400,NYI@BOS,BOS,NYI,,,,0,4
41852-82167,C,Sheldon,Sheldon Dries,Dries,3.200000048,1,3000,CAR@COL,COL,CAR,,,,0,
41852-113275,W,Simon,Simon Holmstrom,Holmstrom,0,0,3000,NYI@BOS,NYI,BOS,,,,0,
41852-38933,D,Slater,Slater Koekkoek,Koekkoek,4.685714177,14,3500,CHI@WPG,CHI,WPG,,,,0,
41852-58977,W,Sonny,Sonny Milano,Milano,5.856666565,30,3200,LA@CBJ,CBJ,LA,DTD,Upper body,,0,
41852-54482,D,Stephen,Stephen Johns,Johns,0,0,3500,DAL@TB,DAL,TB,IR,Head,,0,
41852-11295,D,Steven,Steven Kampfer,Kampfer,3.200000048,4,3500,NYI@BOS,BOS,NYI,,,,0,
41852-70117,D,Steven,Steven Santini,Santini,0.800000012,2,3500,NSH@OTT,NSH,OTT,,,,0,
41852-15270,W,Sven,Sven Baertschi,Baertschi,4.700000127,6,3000,VGK@VAN,VAN,VGK,,,,0,
41852-54479,W,T.J.,T.J. Tynan,Tynan,1.714285714,14,3000,CAR@COL,COL,CAR,,,,0,
41852-70924,W,Tage,Tage Thompson,Thompson,0,1,3400,BUF@PHI,BUF,PHI,IR,Upper body,,0,
41852-74100,C,Tanner,Tanner Fritz,Fritz,3.400000095,8,3000,NYI@BOS,NYI,BOS,,,,0,
41852-62310,C,Tanner,Tanner Kero,Kero,0,0,3000,DAL@TB,DAL,TB,,,,0,
41852-13629,D,Taylor,Taylor Fedun,Fedun,7.127272866,22,3500,DAL@TB,DAL,TB,,,,0,
41852-70251,G,Thatcher,Thatcher Demko,Demko,18.06666692,12,7000,VGK@VAN,VAN,VGK,IR,Concussion,,0,
41852-8633,G,Thomas,Thomas Greiss,Greiss,20.28235222,17,7600,NYI@BOS,NYI,BOS,,,,0,
41852-116900,D,Thomas,Thomas Harley,Harley,0,0,3500,DAL@TB,DAL,TB,,,,0,
41852-8411,D,Thomas,Thomas Hickey,Hickey,5.570000076,40,3500,NYI@BOS,NYI,BOS,,,,0,
41852-117104,C,Thomas,Thomas Novak,Novak,0,0,3000,NSH@OTT,NSH,OTT,,,,0,
41852-104141,C,Tim,Tim Soderlund,Soderlund,0,0,3000,CHI@WPG,CHI,WPG,,,,0,
41852-113273,D,Tobias,Tobias Bjornfot,Bjornfot,0,3,3500,LA@CBJ,LA,CBJ,,,,0,
41852-70927,C,Trent,Trent Frederic,Frederic,0.800000012,2,3000,NYI@BOS,BOS,NYI,,,,0,
41852-116547,W,Tristan,Tristan Scherwey,Scherwey,0,0,3000,NSH@OTT,OTT,NSH,,,,0,
41852-15298,C,Tyler,Tyler Graovac,Graovac,4.724999905,8,3200,VGK@VAN,VAN,VGK,IR,Lower body,,0,
41852-117012,C,Tyler,Tyler Sheehy,Sheehy,0,0,3000,MIN@ARI,MIN,ARI,,,,0,
41852-42997,W,Tyrell,Tyrell Goulbourne,Goulbourne,2.400000095,2,3000,VGK@VAN,VGK,VAN,,,,0,
41852-96800,D,Urho,Urho Vaakanainen,Vaakanainen,1.6,5,3500,NYI@BOS,BOS,NYI,,,,0,
41852-79860,D,Victor,Victor Mete,Mete,7.107692425,26,3500,MON@CGY,MON,CGY,IR,Ankle,,0,
41852-59207,W,Viktor,Viktor Arvidsson,Arvidsson,10.85454559,22,6400,NSH@OTT,NSH,OTT,IR,Lower body,,0,
41852-113288,D,Ville,Ville Heinola,Heinola,8.5625,8,3500,CHI@WPG,WPG,CHI,,,,0,
41852-73998,W,Vitaly,Vitaly Abramov,Abramov,8.399999619,2,3000,NSH@OTT,OTT,NSH,,,,0,
41852-8745,W,Vladimir,Vladimir Sobotka,Sobotka,4.75,16,3200,BUF@PHI,BUF,PHI,IR,Knee,,0,
41852-66404,C,Vladislav,Vladislav Kamenev,Kamenev,4.594117557,17,3000,CAR@COL,COL,CAR,,,,0,
41852-21650,D,Xavier,Xavier Ouellet,Ouellet,6.484210366,19,3500,MON@CGY,MON,CGY,,,,0,
41852-11237,W,Zac,Zac Rinaldo,Rinaldo,8.319999695,5,3100,MON@CGY,CGY,MON,,,,0,
41852-8169,D,Zach,Zach Bogosian,Bogosian,5.759999847,10,3500,BUF@PHI,BUF,PHI,,,,0,
41852-66605,W,Zach,Zach Senyshyn,Senyshyn,4.800000191,4,3000,NYI@BOS,BOS,NYI,,,,0,
41852-73990,W,Zack,Zack MacEwen,MacEwen,1.05,8,3000,VGK@VAN,VAN,VGK,,,,0,
41852-66599,G,Zane,Zane McIntyre,McIntyre,0,0,7000,VGK@VAN,VAN,VGK,,,,0,